URI,Label,Scope Note
http://collection.britishmuseum.org/id/thesauri/x17075,<unauthorised>,
http://collection.britishmuseum.org/id/thesauri/x17076,anchor,A recoil escapement used in clocks from about 1671. Devised in London and thought to have been invented by either Joseph Knibb or William Clement. It consists of an escape wheel with radially cut teeth operating in conjunction with a pair of pallets in the shape of an anchor - hense the name.
http://collection.britishmuseum.org/id/thesauri/x17077,arnold pivoted detent,
http://collection.britishmuseum.org/id/thesauri/x17078,arnold spring detent,
http://collection.britishmuseum.org/id/thesauri/x17079,balance spring verge,
http://collection.britishmuseum.org/id/thesauri/x86193,brocot,
http://collection.britishmuseum.org/id/thesauri/x17080,chinese duplex,
http://collection.britishmuseum.org/id/thesauri/x17081,club-tooth lever,
http://collection.britishmuseum.org/id/thesauri/x17082,cole resilient lever,
http://collection.britishmuseum.org/id/thesauri/x17083,constant-force lever,
http://collection.britishmuseum.org/id/thesauri/x17084,cross beat,
http://collection.britishmuseum.org/id/thesauri/x17085,cylinder,
http://collection.britishmuseum.org/id/thesauri/x17086,cylinder-lever,
http://collection.britishmuseum.org/id/thesauri/x17087,cylinder-virgule,
http://collection.britishmuseum.org/id/thesauri/x17088,dead beat,
http://collection.britishmuseum.org/id/thesauri/x17089,dead-beat verge,
http://collection.britishmuseum.org/id/thesauri/x17090,debaufre-type,
http://collection.britishmuseum.org/id/thesauri/x17091,detached verge,
http://collection.britishmuseum.org/id/thesauri/x17092,detent,
http://collection.britishmuseum.org/id/thesauri/x17093,double virgule,
http://collection.britishmuseum.org/id/thesauri/x17094,double-tooth duplex,
http://collection.britishmuseum.org/id/thesauri/x17095,double-wheel duplex,
http://collection.britishmuseum.org/id/thesauri/x17096,double-wheel lever,
http://collection.britishmuseum.org/id/thesauri/x17097,double-wheel verge,
http://collection.britishmuseum.org/id/thesauri/x17098,dual-control verge,
http://collection.britishmuseum.org/id/thesauri/x17099,duplex,
http://collection.britishmuseum.org/id/thesauri/x17100,earnshaw spring detent,
http://collection.britishmuseum.org/id/thesauri/x17101,electrical,
http://collection.britishmuseum.org/id/thesauri/x17102,emery lever,
http://collection.britishmuseum.org/id/thesauri/x17103,fasoldt double-wheel lever,
http://collection.britishmuseum.org/id/thesauri/x17104,five-plane cylinder,
http://collection.britishmuseum.org/id/thesauri/x17105,flat-wheel cylinder,
http://collection.britishmuseum.org/id/thesauri/x17106,four-legged gravity,
http://collection.britishmuseum.org/id/thesauri/x17107,four-tooth duplex,
http://collection.britishmuseum.org/id/thesauri/x17108,gravity,
http://collection.britishmuseum.org/id/thesauri/x17109,le roy-type,
http://collection.britishmuseum.org/id/thesauri/x17110,lever,
http://collection.britishmuseum.org/id/thesauri/x17111,mairet-type lever,
http://collection.britishmuseum.org/id/thesauri/x17112,massey lever,"Types into detail: eg. type-1, type-2, etc."
http://collection.britishmuseum.org/id/thesauri/x17113,motor balance,
http://collection.britishmuseum.org/id/thesauri/x17114,mudge lever,
http://collection.britishmuseum.org/id/thesauri/x17115,mudge-type lever,
http://collection.britishmuseum.org/id/thesauri/x17116,ormskirk,
http://collection.britishmuseum.org/id/thesauri/x17117,ormskirk double pin-wheel,
http://collection.britishmuseum.org/id/thesauri/x17118,ormskirk off-set verge,
http://collection.britishmuseum.org/id/thesauri/x17119,ormskirk pin-wheel,
http://collection.britishmuseum.org/id/thesauri/x17120,patent union detent,
http://collection.britishmuseum.org/id/thesauri/x17121,peto cross detent,
http://collection.britishmuseum.org/id/thesauri/x17122,pin lever,
http://collection.britishmuseum.org/id/thesauri/x17123,pin-pallet lever,
http://collection.britishmuseum.org/id/thesauri/x17124,pin-wheel,
http://collection.britishmuseum.org/id/thesauri/x17125,pin-wheel lever,
http://collection.britishmuseum.org/id/thesauri/x17126,pivoted detent,
http://collection.britishmuseum.org/id/thesauri/x17127,pivoted double detent,
http://collection.britishmuseum.org/id/thesauri/x17128,platform lever,
http://collection.britishmuseum.org/id/thesauri/x17129,pouzait pirouette lever,
http://collection.britishmuseum.org/id/thesauri/x17130,pouzait-type lever,
http://collection.britishmuseum.org/id/thesauri/x17132,pre-balance spring verge,
http://collection.britishmuseum.org/id/thesauri/x17133,quartz,
http://collection.britishmuseum.org/id/thesauri/x17134,rack lever,
http://collection.britishmuseum.org/id/thesauri/x17135,ratchet-tooth lever,
http://collection.britishmuseum.org/id/thesauri/x17136,resilient lever,
http://collection.britishmuseum.org/id/thesauri/x17137,resilient ratchet-tooth lever,
http://collection.britishmuseum.org/id/thesauri/x17138,robin-type detent,
http://collection.britishmuseum.org/id/thesauri/x17139,ruby cylinder,
http://collection.britishmuseum.org/id/thesauri/x17140,sapphire cylinder,
http://collection.britishmuseum.org/id/thesauri/x17141,savage two-pin lever,
http://collection.britishmuseum.org/id/thesauri/x17142,savage-type lever,
http://collection.britishmuseum.org/id/thesauri/x17143,schoof lever,
http://collection.britishmuseum.org/id/thesauri/x17144,silent crank,
http://collection.britishmuseum.org/id/thesauri/x17145,single-pin lever,
http://collection.britishmuseum.org/id/thesauri/x17146,single-wheel duplex,
http://collection.britishmuseum.org/id/thesauri/x17147,smith patent lever,
http://collection.britishmuseum.org/id/thesauri/x17148,spring detent,
http://collection.britishmuseum.org/id/thesauri/x17149,straight-line duplex,
http://collection.britishmuseum.org/id/thesauri/x17150,straight-line ratchet-tooth lever,
http://collection.britishmuseum.org/id/thesauri/x17151,sully-type,
http://collection.britishmuseum.org/id/thesauri/x17152,tavan lever,
http://collection.britishmuseum.org/id/thesauri/x17153,tavan-type pin-wheel lever,
http://collection.britishmuseum.org/id/thesauri/x17154,thirty-tooth rack lever,
http://collection.britishmuseum.org/id/thesauri/x17155,three-tooth duplex,
http://collection.britishmuseum.org/id/thesauri/x115697,tic-tac,A type of recoil anchor escapement in which the pallets embrace only one and a half teeth of the escape wheel.
http://collection.britishmuseum.org/id/thesauri/x17156,tuning-fork,
http://collection.britishmuseum.org/id/thesauri/x17157,tuning-fork motor balance,
http://collection.britishmuseum.org/id/thesauri/x17158,two-plane lever,
http://collection.britishmuseum.org/id/thesauri/x17159,unclassified,"The term unclassified should not be used in its own right, it is simply a broad term."
http://collection.britishmuseum.org/id/thesauri/x17160,verge,
http://collection.britishmuseum.org/id/thesauri/x17161,virgule,
