URI,Language,Scope note
http://collection.britishmuseum.org/id/thesauri/language/-javanese,(?) Javanese,
http://collection.britishmuseum.org/id/thesauri/language,-,
http://collection.britishmuseum.org/id/thesauri/language/200,200,
http://collection.britishmuseum.org/id/thesauri/language/5c,5c,
http://collection.britishmuseum.org/id/thesauri/language,?,
http://collection.britishmuseum.org/id/thesauri/language/-arabic,?Arabic,
http://collection.britishmuseum.org/id/thesauri/language/-english,?English,
http://collection.britishmuseum.org/id/thesauri/language/-gujarati,?Gujarati,
http://collection.britishmuseum.org/id/thesauri/language/-rajasthani,?Rajasthani,
http://collection.britishmuseum.org/id/thesauri/language/africaans,Africaans,
http://collection.britishmuseum.org/id/thesauri/language/african,African,
http://collection.britishmuseum.org/id/thesauri/language/afrikaans,Afrikaans,
http://collection.britishmuseum.org/id/thesauri/language/afrikaans-and-english,Afrikaans and English,
http://collection.britishmuseum.org/id/thesauri/language/afrikaans-and-english-and-latin,Afrikaans and English and Latin,
http://collection.britishmuseum.org/id/thesauri/language/afrikaans-and-latin,Afrikaans and Latin,
http://collection.britishmuseum.org/id/thesauri/language/afrikans,Afrikans,
http://collection.britishmuseum.org/id/thesauri/language/ahmaric,Ahmaric,
http://collection.britishmuseum.org/id/thesauri/language/ajkkadian,Ajkkadian,
http://collection.britishmuseum.org/id/thesauri/language/akkadian,Akkadian,
http://collection.britishmuseum.org/id/thesauri/language/akkadian,Akkadian (?),
http://collection.britishmuseum.org/id/thesauri/language/akkadian-and-sumerian,Akkadian and Sumerian,
http://collection.britishmuseum.org/id/thesauri/language/akkadian-or-semitic,Akkadian or Semitic,
http://collection.britishmuseum.org/id/thesauri/language/akkadian-aramaic,"Akkadian, Aramaic",
http://collection.britishmuseum.org/id/thesauri/language/akkadian-greek,Akkadian; Greek,
http://collection.britishmuseum.org/id/thesauri/language/akkadian,Akkadian?,
http://collection.britishmuseum.org/id/thesauri/language/akkdian,Akkdian,
http://collection.britishmuseum.org/id/thesauri/language/albanian,Albanian,
http://collection.britishmuseum.org/id/thesauri/language/amharic,Amharic,
http://collection.britishmuseum.org/id/thesauri/language/amharic/ge-ez,Amharic/Ge'ez,
http://collection.britishmuseum.org/id/thesauri/language/ammonite-or-phoenican,Ammonite or Phoenican,
http://collection.britishmuseum.org/id/thesauri/language/ancient-egyptian,Ancient Egyptian,
http://collection.britishmuseum.org/id/thesauri/language/ancient-greek,Ancient Greek,
http://collection.britishmuseum.org/id/thesauri/language/ancient-greek,Ancient Greek (?),
http://collection.britishmuseum.org/id/thesauri/language/anglo-saxon,Anglo-Saxon,
http://collection.britishmuseum.org/id/thesauri/language/arabic,Arabic,
http://collection.britishmuseum.org/id/thesauri/language/arabic,Arabic (?),
http://collection.britishmuseum.org/id/thesauri/language/arabic,Arabic [?],
http://collection.britishmuseum.org/id/thesauri/language/arabic-and-chinese-and-english,Arabic and Chinese and English,
http://collection.britishmuseum.org/id/thesauri/language/arabic-and-english,Arabic and English,
http://collection.britishmuseum.org/id/thesauri/language/arabic-and-english-and-french,Arabic and English and French,
http://collection.britishmuseum.org/id/thesauri/language/arabic-and-english-and-hebrew,Arabic and English and Hebrew,
http://collection.britishmuseum.org/id/thesauri/language/arabic-and-english-and-hindi,Arabic and English and Hindi,
http://collection.britishmuseum.org/id/thesauri/language/arabic-and-english-and-italian,Arabic and English and Italian,
http://collection.britishmuseum.org/id/thesauri/language/arabic-and-english-date,Arabic and English date,
http://collection.britishmuseum.org/id/thesauri/language/arabic-and-french,Arabic and French,
http://collection.britishmuseum.org/id/thesauri/language/arabic-and-japanese,Arabic and Japanese,
http://collection.britishmuseum.org/id/thesauri/language/arabic-and-old-nubian,Arabic and Old Nubian,
http://collection.britishmuseum.org/id/thesauri/language/arabic-and-russian,Arabic and Russian,
http://collection.britishmuseum.org/id/thesauri/language/arabic-and-turkish,Arabic and Turkish,
http://collection.britishmuseum.org/id/thesauri/language/arabic-numerals,Arabic numerals,
http://collection.britishmuseum.org/id/thesauri/language/arabic,Arabic(?),
http://collection.britishmuseum.org/id/thesauri/language/arabic/english,Arabic/English,
http://collection.britishmuseum.org/id/thesauri/language/arabic/old-nubian,Arabic/Old Nubian,
http://collection.britishmuseum.org/id/thesauri/language/arabic-urdu,Arabic; Urdu,
http://collection.britishmuseum.org/id/thesauri/language/arabic,Arabic?,
http://collection.britishmuseum.org/id/thesauri/language/arabic-aramaic-syrian,Arabic? Aramaic? Syrian?,
http://collection.britishmuseum.org/id/thesauri/language/arabic-persian,Arabic? Persian?,
http://collection.britishmuseum.org/id/thesauri/language/arabjc,Arabjc,
http://collection.britishmuseum.org/id/thesauri/language/arabuc,Arabuc,
http://collection.britishmuseum.org/id/thesauri/language/aramaic,Aramaic,
http://collection.britishmuseum.org/id/thesauri/language/aramaic-and/or-phoenican,Aramaic and/or Phoenican,
http://collection.britishmuseum.org/id/thesauri/language/aramaic-or-phoenican,Aramaic or Phoenican,
http://collection.britishmuseum.org/id/thesauri/language/aramaic-or-phoenician,Aramaic or Phoenician,
http://collection.britishmuseum.org/id/thesauri/language/aramaic,Aramaic?,
http://collection.britishmuseum.org/id/thesauri/language/armenian,Armenian,
http://collection.britishmuseum.org/id/thesauri/language/assamese,Assamese,
http://collection.britishmuseum.org/id/thesauri/language/assyrian,Assyrian,
http://collection.britishmuseum.org/id/thesauri/language/assyrian,Assyrian?,
http://collection.britishmuseum.org/id/thesauri/language/attic-greek,Attic Greek,
http://collection.britishmuseum.org/id/thesauri/language/austrian,Austrian,
http://collection.britishmuseum.org/id/thesauri/language/babylonian,BABYLONIAN,
http://collection.britishmuseum.org/id/thesauri/language/babylonian,Babylonian,
http://collection.britishmuseum.org/id/thesauri/language/babylonian,Babylonian?,
http://collection.britishmuseum.org/id/thesauri/language/bactrain,Bactrain,
http://collection.britishmuseum.org/id/thesauri/language/bactrian,Bactrian,
http://collection.britishmuseum.org/id/thesauri/language/bcatrian,Bcatrian,
http://collection.britishmuseum.org/id/thesauri/language/bengali,Bengali,
http://collection.britishmuseum.org/id/thesauri/language/bengali-and-english-and-hindi,Bengali and English and Hindi,
http://collection.britishmuseum.org/id/thesauri/language/bengali-and-hindi,Bengali and Hindi,
http://collection.britishmuseum.org/id/thesauri/language/bilingual:-sumerian-akkadian,Bilingual: Sumerian Akkadian,
http://collection.britishmuseum.org/id/thesauri/language/blundered-bacrtiran,Blundered Bacrtiran,
http://collection.britishmuseum.org/id/thesauri/language/blundered-bactrian,Blundered Bactrian,
http://collection.britishmuseum.org/id/thesauri/language/bohemian,Bohemian,
http://collection.britishmuseum.org/id/thesauri/language/brahmi,Brahmi,
http://collection.britishmuseum.org/id/thesauri/language/brahmi-to-the-right-and-kharosthi-to-the-left,Brahmi (to the right) and kharosthi (to the left),
http://collection.britishmuseum.org/id/thesauri/language/braille,Braille,
http://collection.britishmuseum.org/id/thesauri/language/braj-bhasa-or-dialect,Braj Bhasa or dialect,
http://collection.britishmuseum.org/id/thesauri/language/braj-bhasa-or-local-dialect,Braj Bhasa or local dialect,
http://collection.britishmuseum.org/id/thesauri/language/braj-bhasa-or-local-dialect,Braj bhasa or local dialect,
http://collection.britishmuseum.org/id/thesauri/language/brazilian,Brazilian,
http://collection.britishmuseum.org/id/thesauri/language/br-hm,Br?hm?,
http://collection.britishmuseum.org/id/thesauri/language/bulgarian,Bulgarian,
http://collection.britishmuseum.org/id/thesauri/language/bundelkhandi,Bundelkhandi,
http://collection.britishmuseum.org/id/thesauri/language/burmese,Burmese,
http://collection.britishmuseum.org/id/thesauri/language/burmese-and-english,Burmese and English,
http://collection.britishmuseum.org/id/thesauri/language/burmese-and-pali,Burmese and Pali,
http://collection.britishmuseum.org/id/thesauri/language/burmese-numerals,Burmese numerals,
http://collection.britishmuseum.org/id/thesauri/language/burmese/pali,Burmese/Pali,
http://collection.britishmuseum.org/id/thesauri/language/burmese:-mayanmar,Burmese: Mayanmar,
http://collection.britishmuseum.org/id/thesauri/language/cambodian,Cambodian,
http://collection.britishmuseum.org/id/thesauri/language/cantonese,Cantonese,
http://collection.britishmuseum.org/id/thesauri/language/carian,Carian,
http://collection.britishmuseum.org/id/thesauri/language/carian,Carian(?),
http://collection.britishmuseum.org/id/thesauri/language/catalan,Catalan,
http://collection.britishmuseum.org/id/thesauri/language/celtic,Celtic,
http://collection.britishmuseum.org/id/thesauri/language/chiinese,Chiinese,
http://collection.britishmuseum.org/id/thesauri/language/chinese,Chinese,
http://collection.britishmuseum.org/id/thesauri/language/chinese-classical,Chinese (classical),
http://collection.britishmuseum.org/id/thesauri/language/chinese-pinyin,Chinese (pinyin),
http://collection.britishmuseum.org/id/thesauri/language/chinese-pinyin-anacronym,"Chinese (pinyin, anacronym)",
http://collection.britishmuseum.org/id/thesauri/language/chinese-probably,Chinese (probably),
http://collection.britishmuseum.org/id/thesauri/language/chinese-transliterated-and-italian,Chinese (transliterated) and Italian,
http://collection.britishmuseum.org/id/thesauri/language/chinese-/-portuguese,Chinese / Portuguese,
http://collection.britishmuseum.org/id/thesauri/language/chinese,Chinese ?,
http://collection.britishmuseum.org/id/thesauri/language/chinese-characters-hanja-and-korean,Chinese Characters (hanja) and Korean,
http://collection.britishmuseum.org/id/thesauri/language/chinese-and-magic-writing,"Chinese and ""magic writing""",
http://collection.britishmuseum.org/id/thesauri/language/chinese-and-braille,Chinese and Braille,
http://collection.britishmuseum.org/id/thesauri/language/chinese-and-english,Chinese and English,
http://collection.britishmuseum.org/id/thesauri/language/chinese-and-english-pinyin,Chinese and English (pinyin),
http://collection.britishmuseum.org/id/thesauri/language/chinese-and-english-and-french,Chinese and English and French,
http://collection.britishmuseum.org/id/thesauri/language/chinese-and-japanese,Chinese and Japanese,
http://collection.britishmuseum.org/id/thesauri/language/chinese-and-khotanese,Chinese and Khotanese,
http://collection.britishmuseum.org/id/thesauri/language/chinese-and-manchu,Chinese and Manchu,
http://collection.britishmuseum.org/id/thesauri/language/chinese-and-manchurian,Chinese and Manchurian,
http://collection.britishmuseum.org/id/thesauri/language/chinese-and-mongolian,Chinese and Mongolian,
http://collection.britishmuseum.org/id/thesauri/language/chinese-and-portuguese,Chinese and Portuguese,
http://collection.britishmuseum.org/id/thesauri/language/chinese-and-thai,Chinese and Thai,
http://collection.britishmuseum.org/id/thesauri/language/chinese-and-tibetan,Chinese and Tibetan,
http://collection.britishmuseum.org/id/thesauri/language/chinese-and-pinyin,Chinese and pinyin,
http://collection.britishmuseum.org/id/thesauri/language/chinese-or-japanese,Chinese or Japanese,
http://collection.britishmuseum.org/id/thesauri/language/chinese-seal-characters,Chinese seal characters,
http://collection.britishmuseum.org/id/thesauri/language/chinese-sanskrit,"Chinese, Sanskrit",
http://collection.britishmuseum.org/id/thesauri/language/chinese-chinese,Chinese-Chinese,
http://collection.britishmuseum.org/id/thesauri/language/chinese/japanese,Chinese/Japanese,
http://collection.britishmuseum.org/id/thesauri/language/chinese-english,Chinese?English,
http://collection.britishmuseum.org/id/thesauri/language/church-slavonic,Church Slavonic,
http://collection.britishmuseum.org/id/thesauri/language/church-slavonic,Church slavonic,
http://collection.britishmuseum.org/id/thesauri/language/classical-greek,Classical Greek,
http://collection.britishmuseum.org/id/thesauri/language/classical-greek-koine,Classical Greek (koine),
http://collection.britishmuseum.org/id/thesauri/language/coptic,Coptic,
http://collection.britishmuseum.org/id/thesauri/language/coptic-greek,Coptic & Greek,
http://collection.britishmuseum.org/id/thesauri/language/coptic,Coptic (?),
http://collection.britishmuseum.org/id/thesauri/language/coptic-and-greek,Coptic and Greek,
http://collection.britishmuseum.org/id/thesauri/language/coptic,Coptic(?),
http://collection.britishmuseum.org/id/thesauri/language/corrupt-sanskrit,Corrupt Sanskrit,
http://collection.britishmuseum.org/id/thesauri/language/corrupt-sanskrit,Corrupt sanskrit,
http://collection.britishmuseum.org/id/thesauri/language/croatian,Croatian,
http://collection.britishmuseum.org/id/thesauri/language/cuneiform,Cuneiform,
http://collection.britishmuseum.org/id/thesauri/language/cypriot,Cypriot,
http://collection.britishmuseum.org/id/thesauri/language/cypriot-greek,Cypriot Greek,
http://collection.britishmuseum.org/id/thesauri/language/cypro-minoan,Cypro-Minoan,
http://collection.britishmuseum.org/id/thesauri/language/cypro-minoan,Cypro-Minoan (?),
http://collection.britishmuseum.org/id/thesauri/language/cyrillic,Cyrillic,
http://collection.britishmuseum.org/id/thesauri/language/czech,Czech,
http://collection.britishmuseum.org/id/thesauri/language/czechoslovakian,Czechoslovakian,
http://collection.britishmuseum.org/id/thesauri/language/d,D,
http://collection.britishmuseum.org/id/thesauri/language/danish,Danish,
http://collection.britishmuseum.org/id/thesauri/language/dari,Dari,
http://collection.britishmuseum.org/id/thesauri/language/demotic,Demotic,
http://collection.britishmuseum.org/id/thesauri/language/devanagari,Devanagari,
http://collection.britishmuseum.org/id/thesauri/language/devanagri,Devanagri,
http://collection.britishmuseum.org/id/thesauri/language/devnagri,Devnagri,
http://collection.britishmuseum.org/id/thesauri/language/does-not-seem-to-be-latin,Does not seem to be Latin,
http://collection.britishmuseum.org/id/thesauri/language/doric,Doric,
http://collection.britishmuseum.org/id/thesauri/language/ductch,Ductch,
http://collection.britishmuseum.org/id/thesauri/language/dunish,Dunish,
http://collection.britishmuseum.org/id/thesauri/language/dutch,Dutch,
http://collection.britishmuseum.org/id/thesauri/language/e,E,
http://collection.britishmuseum.org/id/thesauri/language/english,ENGLISH,
http://collection.britishmuseum.org/id/thesauri/language/eastern-arabic,Eastern Arabic,
http://collection.britishmuseum.org/id/thesauri/language/eastern-arabic-and-english,Eastern Arabic and English,
http://collection.britishmuseum.org/id/thesauri/language/egyptian,Egyptian,
http://collection.britishmuseum.org/id/thesauri/language/egyptian-hieroglyphs,Egyptian Hieroglyphs,
http://collection.britishmuseum.org/id/thesauri/language/egyptian-greek,Egyptian; Greek,
http://collection.britishmuseum.org/id/thesauri/language/elamite,Elamite,
http://collection.britishmuseum.org/id/thesauri/language/elamite,Elamite?,
http://collection.britishmuseum.org/id/thesauri/language/emesal,Emesal,
http://collection.britishmuseum.org/id/thesauri/language/emglish,Emglish,
http://collection.britishmuseum.org/id/thesauri/language/endlish,Endlish,
http://collection.britishmuseum.org/id/thesauri/language/engligh,Engligh,
http://collection.britishmuseum.org/id/thesauri/language/english,English,
http://collection.britishmuseum.org/id/thesauri/language/english,English ?,
http://collection.britishmuseum.org/id/thesauri/language/english-and-arabic,English and Arabic,
http://collection.britishmuseum.org/id/thesauri/language/english-and-chamorro,English and Chamorro,
http://collection.britishmuseum.org/id/thesauri/language/english-and-chinese,English and Chinese,
http://collection.britishmuseum.org/id/thesauri/language/english-and-finnish,English and Finnish,
http://collection.britishmuseum.org/id/thesauri/language/english-and-french,English and French,
http://collection.britishmuseum.org/id/thesauri/language/english-and-french-and-german,English and French and German,
http://collection.britishmuseum.org/id/thesauri/language/english-and-french-and-german-russian,"English and French and German, Russian",
http://collection.britishmuseum.org/id/thesauri/language/english-and-french/german,English and French/German,
http://collection.britishmuseum.org/id/thesauri/language/english-and-french-arabic,English and French; Arabic,
http://collection.britishmuseum.org/id/thesauri/language/english-and-german,English and German,
http://collection.britishmuseum.org/id/thesauri/language/english-and-greek,English and Greek,
http://collection.britishmuseum.org/id/thesauri/language/english-and-greek-and-turkish,English and Greek and Turkish,
http://collection.britishmuseum.org/id/thesauri/language/english-and-hawaiian,English and Hawaiian,
http://collection.britishmuseum.org/id/thesauri/language/english-and-hebrew,English and Hebrew,
http://collection.britishmuseum.org/id/thesauri/language/english-and-hindi,English and Hindi,
http://collection.britishmuseum.org/id/thesauri/language/english-and-hungarian,English and Hungarian,
http://collection.britishmuseum.org/id/thesauri/language/english-and-irish,English and Irish,
http://collection.britishmuseum.org/id/thesauri/language/english-and-japanese,English and Japanese,
http://collection.britishmuseum.org/id/thesauri/language/english-and-kiswahili,English and Kiswahili,
http://collection.britishmuseum.org/id/thesauri/language/english-and-korean,English and Korean,
http://collection.britishmuseum.org/id/thesauri/language/english-and-latin,English and Latin,
http://collection.britishmuseum.org/id/thesauri/language/english-and-malayan,English and Malayan,
http://collection.britishmuseum.org/id/thesauri/language/english-and-ojibwa,English and Ojibwa,
http://collection.britishmuseum.org/id/thesauri/language/english-and-persian,English and Persian,
http://collection.britishmuseum.org/id/thesauri/language/english-and-polish,English and Polish,
http://collection.britishmuseum.org/id/thesauri/language/english-and-portuguese,English and Portuguese,
http://collection.britishmuseum.org/id/thesauri/language/english-and-roman-letters,English and Roman Letters,
http://collection.britishmuseum.org/id/thesauri/language/english-and-roman-letters,English and Roman letters,
http://collection.britishmuseum.org/id/thesauri/language/english-and-russian,English and Russian,
http://collection.britishmuseum.org/id/thesauri/language/english-and-samoan,English and Samoan,
http://collection.britishmuseum.org/id/thesauri/language/english-and-sanskrit,English and Sanskrit,
http://collection.britishmuseum.org/id/thesauri/language/english-and-sesotho,English and Sesotho,
http://collection.britishmuseum.org/id/thesauri/language/english-and-spanish,English and Spanish,
http://collection.britishmuseum.org/id/thesauri/language/english-and-swahili,English and Swahili,
http://collection.britishmuseum.org/id/thesauri/language/english-and-tamil,English and Tamil,
http://collection.britishmuseum.org/id/thesauri/language/english-and-telugu,English and Telugu,
http://collection.britishmuseum.org/id/thesauri/language/english-and-vietnamese,English and Vietnamese,
http://collection.britishmuseum.org/id/thesauri/language/english-and-welsh,English and Welsh,
http://collection.britishmuseum.org/id/thesauri/language/english-and-xhosa,English and Xhosa,
http://collection.britishmuseum.org/id/thesauri/language/english-and-yoruba,English and Yoruba (?),
http://collection.britishmuseum.org/id/thesauri/language/english-and-zulu,English and Zulu,
http://collection.britishmuseum.org/id/thesauri/language/english-and-pinyin,English and pinyin,
http://collection.britishmuseum.org/id/thesauri/language/english-and-syllabic,English and syllabic,
http://collection.britishmuseum.org/id/thesauri/language/english-numerals,English numerals,
http://collection.britishmuseum.org/id/thesauri/language/english-script,English script,
http://collection.britishmuseum.org/id/thesauri/language/english/hebrew,English/Hebrew,
http://collection.britishmuseum.org/id/thesauri/language/english/latin,English/Latin,
http://collection.britishmuseum.org/id/thesauri/language/english,English?,
http://collection.britishmuseum.org/id/thesauri/language/englsih,Englsih,
http://collection.britishmuseum.org/id/thesauri/language/enlish,Enlish,
http://collection.britishmuseum.org/id/thesauri/language/estonian,Estonian,
http://collection.britishmuseum.org/id/thesauri/language/estranghelo,Estranghelo,
http://collection.britishmuseum.org/id/thesauri/language/eteo-cypriot,Eteo-Cypriot,
http://collection.britishmuseum.org/id/thesauri/language/eteo-cypriot,Eteo-Cypriot (?),
http://collection.britishmuseum.org/id/thesauri/language/eteo-cypriot-or-greek,Eteo-Cypriot (?) or Greek (?),
http://collection.britishmuseum.org/id/thesauri/language/ethiopian,Ethiopian,
http://collection.britishmuseum.org/id/thesauri/language/ethiopic,Ethiopic,
http://collection.britishmuseum.org/id/thesauri/language/etruscan,Etruscan,
http://collection.britishmuseum.org/id/thesauri/language/etruscan,Etruscan?,
http://collection.britishmuseum.org/id/thesauri/language/european,European,
http://collection.britishmuseum.org/id/thesauri/language/european-syllabic,European & Syllabic,
http://collection.britishmuseum.org/id/thesauri/language/fort-red,FORT RED,
http://collection.britishmuseum.org/id/thesauri/language/french,FRENCH,
http://collection.britishmuseum.org/id/thesauri/language/farsi,Farsi,
http://collection.britishmuseum.org/id/thesauri/language/farsi-and-english,Farsi and English,
http://collection.britishmuseum.org/id/thesauri/language/finnish,Finnish,
http://collection.britishmuseum.org/id/thesauri/language/flemish,Flemish,
http://collection.britishmuseum.org/id/thesauri/language/flemish-and-french,Flemish and French,
http://collection.britishmuseum.org/id/thesauri/language/france,France,
http://collection.britishmuseum.org/id/thesauri/language/franche,Franche,
http://collection.britishmuseum.org/id/thesauri/language/french,French,
http://collection.britishmuseum.org/id/thesauri/language/french,French (?),
http://collection.britishmuseum.org/id/thesauri/language/french-langue-d-oc,French (langue d'oc?),
http://collection.britishmuseum.org/id/thesauri/language/french-and-ahmaric,French and Ahmaric,
http://collection.britishmuseum.org/id/thesauri/language/french-and-arabic,French and Arabic,
http://collection.britishmuseum.org/id/thesauri/language/french-and-english,French and English,
http://collection.britishmuseum.org/id/thesauri/language/french-and-flemish,French and Flemish,
http://collection.britishmuseum.org/id/thesauri/language/french-german,"French, German",
http://collection.britishmuseum.org/id/thesauri/language/french-latin,French; (Latin),
http://collection.britishmuseum.org/id/thesauri/language/french-latin,French; Latin,
http://collection.britishmuseum.org/id/thesauri/language/french,French?,
http://collection.britishmuseum.org/id/thesauri/language/gl-...-omanorvm,GL[...]OMANORVM,
http://collection.britishmuseum.org/id/thesauri/language/greek,GREEK,
http://collection.britishmuseum.org/id/thesauri/language/gaelic,Gaelic,
http://collection.britishmuseum.org/id/thesauri/language/gandhari,Gandhari,
http://collection.britishmuseum.org/id/thesauri/language/gauarati,Gauarati,
http://collection.britishmuseum.org/id/thesauri/language/ge-ez,Ge'ez,
http://collection.britishmuseum.org/id/thesauri/language/ge-ez-and-english,Ge'ez and English,
http://collection.britishmuseum.org/id/thesauri/language/geman,Geman,
http://collection.britishmuseum.org/id/thesauri/language/georgian,Georgian,
http://collection.britishmuseum.org/id/thesauri/language/german,German,
http://collection.britishmuseum.org/id/thesauri/language/german-low,German (low),
http://collection.britishmuseum.org/id/thesauri/language/german,German ?,
http://collection.britishmuseum.org/id/thesauri/language/german-and-chinese,German and Chinese,
http://collection.britishmuseum.org/id/thesauri/language/german-english-spanish-italian,"German, English, Spanish, Italian",
http://collection.britishmuseum.org/id/thesauri/language/german-gothic-letter,"German, gothic letter",
http://collection.britishmuseum.org/id/thesauri/language/german-french,German; French,
http://collection.britishmuseum.org/id/thesauri/language/germanic,Germanic,
http://collection.britishmuseum.org/id/thesauri/language/germany,Germany,
http://collection.britishmuseum.org/id/thesauri/language/ge-ez,Ge?ez,
http://collection.britishmuseum.org/id/thesauri/language/gnostic,Gnostic,
http://collection.britishmuseum.org/id/thesauri/language/gnostic,Gnostic?,
http://collection.britishmuseum.org/id/thesauri/language/gothic,Gothic,
http://collection.britishmuseum.org/id/thesauri/language/greekgreek,GreeKGreek,
http://collection.britishmuseum.org/id/thesauri/language/greeek-modern,Greeek modern,
http://collection.britishmuseum.org/id/thesauri/language/greek,Greek,
http://collection.britishmuseum.org/id/thesauri/language/greek-aramaic,Greek & Aramaic,
http://collection.britishmuseum.org/id/thesauri/language/greek,Greek (?),
http://collection.britishmuseum.org/id/thesauri/language/greek-/eteo-cypriot,Greek (?)/Eteo-Cypriot,
http://collection.britishmuseum.org/id/thesauri/language/greek-corrupt,Greek (corrupt),
http://collection.britishmuseum.org/id/thesauri/language/greek-corrupt,Greek (corrupt},
http://collection.britishmuseum.org/id/thesauri/language/greek-/-demotic,Greek / Demotic,
http://collection.britishmuseum.org/id/thesauri/language/greek-/-latin,Greek / Latin,
http://collection.britishmuseum.org/id/thesauri/language/greek,Greek ?,
http://collection.britishmuseum.org/id/thesauri/language/greek-arabic,Greek ?, Arabic ?
http://collection.britishmuseum.org/id/thesauri/language/greek-and-coptic,Greek and Coptic,
http://collection.britishmuseum.org/id/thesauri/language/greek-and-latin,Greek and Latin,
http://collection.britishmuseum.org/id/thesauri/language/greek-christian,Greek christian(?),
http://collection.britishmuseum.org/id/thesauri/language/greek-or-coptic,Greek or Coptic,
http://collection.britishmuseum.org/id/thesauri/language/greek-or-latin,Greek or Latin,
http://collection.britishmuseum.org/id/thesauri/language/greek,Greek(?),
http://collection.britishmuseum.org/id/thesauri/language/greek-late-period,"Greek, late period",
http://collection.britishmuseum.org/id/thesauri/language/greek,Greek.,
http://collection.britishmuseum.org/id/thesauri/language/greek/latin,Greek/Latin,
http://collection.britishmuseum.org/id/thesauri/language/greek/prakrit,Greek/Prakrit,
http://collection.britishmuseum.org/id/thesauri/language/greek-persian,Greek; Persian,
http://collection.britishmuseum.org/id/thesauri/language/greek,Greek?,
http://collection.britishmuseum.org/id/thesauri/language/greekl,Greekl,
http://collection.britishmuseum.org/id/thesauri/language/green,Green,
http://collection.britishmuseum.org/id/thesauri/language/grek,Grek,
http://collection.britishmuseum.org/id/thesauri/language/gujarati,Gujarati,
http://collection.britishmuseum.org/id/thesauri/language/gujarati,Gujarati ?,
http://collection.britishmuseum.org/id/thesauri/language/gujerati,Gujerati,
http://collection.britishmuseum.org/id/thesauri/language/gujurati,Gujurati,
http://collection.britishmuseum.org/id/thesauri/language/gurmuhki,Gurmuhki,
http://collection.britishmuseum.org/id/thesauri/language/gurmukhi,Gurmukhi,
http://collection.britishmuseum.org/id/thesauri/language/gurmukhi/devnagri,Gurmukhi/Devnagri,
http://collection.britishmuseum.org/id/thesauri/language/gurumukhi,Gurumukhi,
http://collection.britishmuseum.org/id/thesauri/language/gurumukhti,Gurumukhti,
http://collection.britishmuseum.org/id/thesauri/language/hadramitic,Hadramitic,
http://collection.britishmuseum.org/id/thesauri/language/hasaean,Hasaean,
http://collection.britishmuseum.org/id/thesauri/language/hausa,Hausa,
http://collection.britishmuseum.org/id/thesauri/language/hebre,Hebre,
http://collection.britishmuseum.org/id/thesauri/language/hebrew,Hebrew,
http://collection.britishmuseum.org/id/thesauri/language/hebrew-masonic,Hebrew (Masonic),
http://collection.britishmuseum.org/id/thesauri/language/hebrew-or-phoenican,Hebrew or Phoenican,
http://collection.britishmuseum.org/id/thesauri/language/hebrew,Hebrew?,
http://collection.britishmuseum.org/id/thesauri/language/hieroglyphic,Hieroglyphic,
http://collection.britishmuseum.org/id/thesauri/language/hindi,Hindi,
http://collection.britishmuseum.org/id/thesauri/language/hindi-or-bihari,Hindi or Bihari,
http://collection.britishmuseum.org/id/thesauri/language/hindi-or-perhaps-rajasthani,Hindi or perhaps Rajasthani,
http://collection.britishmuseum.org/id/thesauri/language/hirogliphics,Hirogliphics,
http://collection.britishmuseum.org/id/thesauri/language/hittite,Hittite,
http://collection.britishmuseum.org/id/thesauri/language/hittite-and-akkadian,Hittite and Akkadian,
http://collection.britishmuseum.org/id/thesauri/language/hittite-and-hurrian,Hittite and hurrian,
http://collection.britishmuseum.org/id/thesauri/language/hittite,Hittite?,
http://collection.britishmuseum.org/id/thesauri/language/hungarian,Hungarian,
http://collection.britishmuseum.org/id/thesauri/language/inter-vtrvnqve,INTER VTRVNQVE,
http://collection.britishmuseum.org/id/thesauri/language/iberian,Iberian,
http://collection.britishmuseum.org/id/thesauri/language/icelandic,Icelandic,
http://collection.britishmuseum.org/id/thesauri/language/imitation-greek,Imitation Greek,
http://collection.britishmuseum.org/id/thesauri/language/imitationgreek,ImitationGreek,
http://collection.britishmuseum.org/id/thesauri/language/indian,Indian,
http://collection.britishmuseum.org/id/thesauri/language/indian-prakrit,Indian Prakrit,
http://collection.britishmuseum.org/id/thesauri/language/indistinct,Indistinct,
http://collection.britishmuseum.org/id/thesauri/language/iranian,Iranian,
http://collection.britishmuseum.org/id/thesauri/language/irish,Irish,
http://collection.britishmuseum.org/id/thesauri/language/irish-gaelic,Irish Gaelic,
http://collection.britishmuseum.org/id/thesauri/language/islamic,Islamic,
http://collection.britishmuseum.org/id/thesauri/language/italian,Italian,
http://collection.britishmuseum.org/id/thesauri/language/italian-german,Italian & German,
http://collection.britishmuseum.org/id/thesauri/language/italian-and-german,Italian and German,
http://collection.britishmuseum.org/id/thesauri/language/italian-english,Italian; English,
http://collection.britishmuseum.org/id/thesauri/language/italian-latin,Italian? Latin?,
http://collection.britishmuseum.org/id/thesauri/language/italians,Italians,
http://collection.britishmuseum.org/id/thesauri/language/italy,Italy,
http://collection.britishmuseum.org/id/thesauri/language/jamaican-creole,Jamaican Creole,
http://collection.britishmuseum.org/id/thesauri/language/japaense,Japaense,
http://collection.britishmuseum.org/id/thesauri/language/japanese,Japanese,
http://collection.britishmuseum.org/id/thesauri/language/japanese-and-english,Japanese and English,
http://collection.britishmuseum.org/id/thesauri/language/japanese-and-french,Japanese and French,
http://collection.britishmuseum.org/id/thesauri/language/japanese/chinese,Japanese/Chinese,
http://collection.britishmuseum.org/id/thesauri/language/japanese/chjnese,Japanese/Chjnese,
http://collection.britishmuseum.org/id/thesauri/language/japanese,Japanese?,
http://collection.britishmuseum.org/id/thesauri/language/japaneses,Japaneses,
http://collection.britishmuseum.org/id/thesauri/language/javanese,Javanese,
http://collection.britishmuseum.org/id/thesauri/language/jemdet-nasr,Jemdet Nasr?,
http://collection.britishmuseum.org/id/thesauri/language/kaithi,Kaithi,
http://collection.britishmuseum.org/id/thesauri/language/kanarese-acc.-to-old-draft-register,Kanarese (acc. to old draft register),
http://collection.britishmuseum.org/id/thesauri/language/kanbun,Kanbun,
http://collection.britishmuseum.org/id/thesauri/language/kanbun-japanese,"Kanbun, Japanese",
http://collection.britishmuseum.org/id/thesauri/language/kannada,Kannada,
http://collection.britishmuseum.org/id/thesauri/language/kazakh,Kazakh,
http://collection.britishmuseum.org/id/thesauri/language/kharoshthi,Kharoshthi,
http://collection.britishmuseum.org/id/thesauri/language/kharosthi,Kharosthi,
http://collection.britishmuseum.org/id/thesauri/language/khmer,Khmer,
http://collection.britishmuseum.org/id/thesauri/language/kiswahili,KiSwahili,
http://collection.britishmuseum.org/id/thesauri/language/kinyarwanda,Kinyarwanda,
http://collection.britishmuseum.org/id/thesauri/language/kiswahili,Kiswahili,
http://collection.britishmuseum.org/id/thesauri/language/korale,Korale,
http://collection.britishmuseum.org/id/thesauri/language/korea,Korea,
http://collection.britishmuseum.org/id/thesauri/language/korean,Korean,
http://collection.britishmuseum.org/id/thesauri/language/korean,Korean?,
http://collection.britishmuseum.org/id/thesauri/language/kufic,Kufic,
http://collection.britishmuseum.org/id/thesauri/language/kurdish,Kurdish,
http://collection.britishmuseum.org/id/thesauri/language/latin,LATIN,
http://collection.britishmuseum.org/id/thesauri/language/latin,LAtin,
http://collection.britishmuseum.org/id/thesauri/language/laitn,Laitn,
http://collection.britishmuseum.org/id/thesauri/language/lao,Lao,
http://collection.britishmuseum.org/id/thesauri/language/larin,Larin,
http://collection.britishmuseum.org/id/thesauri/language/lati,Lati,
http://collection.britishmuseum.org/id/thesauri/language/latin,Latin,
http://collection.britishmuseum.org/id/thesauri/language/latin-greek,Latin & Greek,
http://collection.britishmuseum.org/id/thesauri/language/latin,Latin (?),
http://collection.britishmuseum.org/id/thesauri/language/latin-but-garbled-/-illiterate,Latin (but garbled / illiterate),
http://collection.britishmuseum.org/id/thesauri/language/latin-but-semi-literate,Latin (but semi-literate),
http://collection.britishmuseum.org/id/thesauri/language/latin-/-greek,Latin / Greek,
http://collection.britishmuseum.org/id/thesauri/language/latin,Latin ?,
http://collection.britishmuseum.org/id/thesauri/language/latin-and-french,Latin and French,
http://collection.britishmuseum.org/id/thesauri/language/latin-and-french,Latin and French (?),
http://collection.britishmuseum.org/id/thesauri/language/latin-and-german,Latin and German,
http://collection.britishmuseum.org/id/thesauri/language/latin-and-greek,Latin and Greek,
http://collection.britishmuseum.org/id/thesauri/language/latin-and-low-german,Latin and Low German ?,
http://collection.britishmuseum.org/id/thesauri/language/latin-or-greek,Latin or Greek,
http://collection.britishmuseum.org/id/thesauri/language/latin-palmyrene,"Latin, Palmyrene",
http://collection.britishmuseum.org/id/thesauri/language/latin,Latin-,
http://collection.britishmuseum.org/id/thesauri/language/latin,Latin.,
http://collection.britishmuseum.org/id/thesauri/language/latin/german,Latin/German,
http://collection.britishmuseum.org/id/thesauri/language/latin/greek,Latin/Greek,
http://collection.britishmuseum.org/id/thesauri/language/latin/greek,Latin/greek,
http://collection.britishmuseum.org/id/thesauri/language/latin-dutch,Latin; Dutch,
http://collection.britishmuseum.org/id/thesauri/language/latin-english-and-french,Latin; English and French,
http://collection.britishmuseum.org/id/thesauri/language/latin-french,Latin; French,
http://collection.britishmuseum.org/id/thesauri/language/latin-german,Latin; German,
http://collection.britishmuseum.org/id/thesauri/language/latin,Latin?,
http://collection.britishmuseum.org/id/thesauri/language/latin-french,Latin? French?,
http://collection.britishmuseum.org/id/thesauri/language/latin-italian,Latin? Italian?,
http://collection.britishmuseum.org/id/thesauri/language/latin-other,Latin? Other?,
http://collection.britishmuseum.org/id/thesauri/language/latine,Latine,
http://collection.britishmuseum.org/id/thesauri/language/lating,Lating,
http://collection.britishmuseum.org/id/thesauri/language/latini,Latini,
http://collection.britishmuseum.org/id/thesauri/language/latinr,Latinr,
http://collection.britishmuseum.org/id/thesauri/language/laton,Laton,
http://collection.britishmuseum.org/id/thesauri/language/latvian,Latvian,
http://collection.britishmuseum.org/id/thesauri/language/lithuanian,Lithuanian,
http://collection.britishmuseum.org/id/thesauri/language/local-dialect-may-be-rajasthani,"Local dialect, may be Rajasthani",
http://collection.britishmuseum.org/id/thesauri/language/lombardic,Lombardic,
http://collection.britishmuseum.org/id/thesauri/language/ltain,Ltain,
http://collection.britishmuseum.org/id/thesauri/language/luwian,Luwian,
http://collection.britishmuseum.org/id/thesauri/language/luxembourgish,Luxembourgish,
http://collection.britishmuseum.org/id/thesauri/language/lybian,Lybian,
http://collection.britishmuseum.org/id/thesauri/language/lycian,Lycian,
http://collection.britishmuseum.org/id/thesauri/language/lycian-greek,Lycian & Greek,
http://collection.britishmuseum.org/id/thesauri/language/lydian,Lydian,
http://collection.britishmuseum.org/id/thesauri/language/molart.f,MOLART.F.,
http://collection.britishmuseum.org/id/thesauri/language/macedonian,Macedonian,
http://collection.britishmuseum.org/id/thesauri/language/maghrebi-arabic,Maghrebi Arabic,
http://collection.britishmuseum.org/id/thesauri/language/malagasy,Malagasy,
http://collection.britishmuseum.org/id/thesauri/language/malay,Malay,
http://collection.britishmuseum.org/id/thesauri/language/malay-and-english,Malay and English,
http://collection.britishmuseum.org/id/thesauri/language/malay-script,Malay script,
http://collection.britishmuseum.org/id/thesauri/language/malay-english,"Malay, English",
http://collection.britishmuseum.org/id/thesauri/language/malayalam,Malayalam,
http://collection.britishmuseum.org/id/thesauri/language/malayan,Malayan,
http://collection.britishmuseum.org/id/thesauri/language/maldivian-dhivehi,Maldivian Dhivehi,
http://collection.britishmuseum.org/id/thesauri/language/maltese,Maltese,
http://collection.britishmuseum.org/id/thesauri/language/manchu,Manchu,
http://collection.britishmuseum.org/id/thesauri/language/manchurian,Manchurian,
http://collection.britishmuseum.org/id/thesauri/language/mandaic,Mandaic,
http://collection.britishmuseum.org/id/thesauri/language/mandaic,Mandaic (?),
http://collection.britishmuseum.org/id/thesauri/language/mandarin,Mandarin,
http://collection.britishmuseum.org/id/thesauri/language/maori,Maori,
http://collection.britishmuseum.org/id/thesauri/language/marathi,Marathi,
http://collection.britishmuseum.org/id/thesauri/language/marwari,Marwari,
http://collection.britishmuseum.org/id/thesauri/language/maya,Maya,
http://collection.britishmuseum.org/id/thesauri/language/maya,Maya?,
http://collection.britishmuseum.org/id/thesauri/language/meroitic,Meroitic,
http://collection.britishmuseum.org/id/thesauri/language/meroitic,Meroitic(?),
http://collection.britishmuseum.org/id/thesauri/language/mewari,Mewari,
http://collection.britishmuseum.org/id/thesauri/language/mexican,Mexican,
http://collection.britishmuseum.org/id/thesauri/language/middle-egptian,Middle Egptian,
http://collection.britishmuseum.org/id/thesauri/language/middle-egyptian,Middle Egyptian,
http://collection.britishmuseum.org/id/thesauri/language/middle-phoenician,Middle Phoenician,
http://collection.britishmuseum.org/id/thesauri/language/middle-persian,Middle-Persian,
http://collection.britishmuseum.org/id/thesauri/language/minaic,Minaic,
http://collection.britishmuseum.org/id/thesauri/language/modern-greek,Modern Greek,
http://collection.britishmuseum.org/id/thesauri/language/moldovan,Moldovan,
http://collection.britishmuseum.org/id/thesauri/language/mon,Mon?,
http://collection.britishmuseum.org/id/thesauri/language/mongol,Mongol,
http://collection.britishmuseum.org/id/thesauri/language/mongolian,Mongolian,
http://collection.britishmuseum.org/id/thesauri/language/mycenaean-greek,Mycenaean Greek,
http://collection.britishmuseum.org/id/thesauri/language/n/a,N/A,
http://collection.britishmuseum.org/id/thesauri/language/nabataean,Nabataean,
http://collection.britishmuseum.org/id/thesauri/language/nabataean-or-aramaic,Nabataean or Aramaic,
http://collection.britishmuseum.org/id/thesauri/language/ndebele,Ndebele,
http://collection.britishmuseum.org/id/thesauri/language/neo-assyrian,Neo-Assyrian,
http://collection.britishmuseum.org/id/thesauri/language/neo-babylonian,Neo-Babylonian,
http://collection.britishmuseum.org/id/thesauri/language/neo-babylonian,Neo-Babylonian?,
http://collection.britishmuseum.org/id/thesauri/language/neo-punic,Neo-Punic,
http://collection.britishmuseum.org/id/thesauri/language/neo-punic-latin,Neo-Punic; Latin,
http://collection.britishmuseum.org/id/thesauri/language/nepalese,Nepalese,
http://collection.britishmuseum.org/id/thesauri/language/netherlandish,Netherlandish,
http://collection.britishmuseum.org/id/thesauri/language/no-legend-visible,No legend visible.,
http://collection.britishmuseum.org/id/thesauri/language/norman-french,Norman French,
http://collection.britishmuseum.org/id/thesauri/language/north-arabian,North Arabian,
http://collection.britishmuseum.org/id/thesauri/language/northern-thai,Northern Thai,
http://collection.britishmuseum.org/id/thesauri/language/norwegian,Norwegian,
http://collection.britishmuseum.org/id/thesauri/language/norweigan,Norweigan,
http://collection.britishmuseum.org/id/thesauri/language/numeral-used-for-arabic-persian-numbers,Numeral (used for Arabic & Persian numbers),
http://collection.britishmuseum.org/id/thesauri/language/numerical,Numerical,
http://collection.britishmuseum.org/id/thesauri/language/numidian,Numidian,
http://collection.britishmuseum.org/id/thesauri/language/nuzi,Nuzi,
http://collection.britishmuseum.org/id/thesauri/language/nuzi,Nuzi?,
http://collection.britishmuseum.org/id/thesauri/language/old-akkadian,Old Akkadian,
http://collection.britishmuseum.org/id/thesauri/language/old-akkadian-old-babylonian,Old Akkadian? Old Babylonian?,
http://collection.britishmuseum.org/id/thesauri/language/old-akkadian-sumerian,Old Akkadian? Sumerian?,
http://collection.britishmuseum.org/id/thesauri/language/old-babylonian-neo-babylonian,Old Babylonian & Neo-Babylonian,
http://collection.britishmuseum.org/id/thesauri/language/old-babylonian,Old Babylonian?,
http://collection.britishmuseum.org/id/thesauri/language/old-church-slavonic,Old Church Slavonic,
http://collection.britishmuseum.org/id/thesauri/language/old-egyptian,Old Egyptian,
http://collection.britishmuseum.org/id/thesauri/language/old-english,Old English,
http://collection.britishmuseum.org/id/thesauri/language/old-english,Old English ?,
http://collection.britishmuseum.org/id/thesauri/language/old-irish,Old Irish,
http://collection.britishmuseum.org/id/thesauri/language/old-norse,Old Norse,
http://collection.britishmuseum.org/id/thesauri/language/old-nubian,Old Nubian,
http://collection.britishmuseum.org/id/thesauri/language/old-nubian-and-greek,Old Nubian and Greek,
http://collection.britishmuseum.org/id/thesauri/language/old-persian,Old Persian,
http://collection.britishmuseum.org/id/thesauri/language/old-persian-elamite-babylonian-and-egyptian,"Old Persian, Elamite, Babylonian and Egyptian",
http://collection.britishmuseum.org/id/thesauri/language/old-slavonic,Old Slavonic,
http://collection.britishmuseum.org/id/thesauri/language/oriya,Oriya,
http://collection.britishmuseum.org/id/thesauri/language/oscan,Oscan,
http://collection.britishmuseum.org/id/thesauri/language/ottoman,Ottoman,
http://collection.britishmuseum.org/id/thesauri/language/pk,PK,
http://collection.britishmuseum.org/id/thesauri/language/pahalvi,Pahalvi,
http://collection.britishmuseum.org/id/thesauri/language/pahalvi-middle-persian,Pahalvi (Middle Persian),
http://collection.britishmuseum.org/id/thesauri/language/pahalvi-middle-persian-and-arabic,Pahalvi (Middle Persian) and Arabic,
http://collection.britishmuseum.org/id/thesauri/language/pahlavi,Pahlavi,
http://collection.britishmuseum.org/id/thesauri/language/pahlavi,Pahlavi (?),
http://collection.britishmuseum.org/id/thesauri/language/pahlavi-middle-persian,Pahlavi (MIddle Persian),
http://collection.britishmuseum.org/id/thesauri/language/pahlavi-midde-persian,Pahlavi (Midde Persian),
http://collection.britishmuseum.org/id/thesauri/language/pahlavi-middel-persian,Pahlavi (Middel Persian),
http://collection.britishmuseum.org/id/thesauri/language/pahlavi-middle-persian,Pahlavi (Middle  Persian),
http://collection.britishmuseum.org/id/thesauri/language/pahlavi-middle-persian-and-arabic,Pahlavi (Middle  Persian) and Arabic,
http://collection.britishmuseum.org/id/thesauri/language/pahlavi-middle-perisan-and-arabic,Pahlavi (Middle Perisan) and Arabic,
http://collection.britishmuseum.org/id/thesauri/language/pahlavi-middle-perisna,Pahlavi (Middle Perisna),
http://collection.britishmuseum.org/id/thesauri/language/pahlavi-middle-persia,Pahlavi (Middle Persia),
http://collection.britishmuseum.org/id/thesauri/language/pahlavi-middle-persia-and-arabic,Pahlavi (Middle Persia) and Arabic,
http://collection.britishmuseum.org/id/thesauri/language/pahlavi-middle-persian,Pahlavi (Middle Persian),
http://collection.britishmuseum.org/id/thesauri/language/pahlavi-middle-persian,Pahlavi (Middle Persian) ?,
http://collection.britishmuseum.org/id/thesauri/language/pahlavi-middle-persian-amd-arabic,Pahlavi (Middle Persian) amd Arabic,
http://collection.britishmuseum.org/id/thesauri/language/pahlavi-middle-persian-and-arabic,Pahlavi (Middle Persian) and  Arabic,
http://collection.britishmuseum.org/id/thesauri/language/pahlavi-middle-persian-and-arabi,Pahlavi (Middle Persian) and Arabi,
http://collection.britishmuseum.org/id/thesauri/language/pahlavi-middle-persian-and-arabic,Pahlavi (Middle Persian) and Arabic,
http://collection.britishmuseum.org/id/thesauri/language/pahlavi-middle-persian-and-arabic,Pahlavi (Middle Persian) and Arabic ?,
http://collection.britishmuseum.org/id/thesauri/language/pahlavi-middle-persian-and-kufic-arabic,Pahlavi (Middle Persian) and Kufic Arabic,
http://collection.britishmuseum.org/id/thesauri/language/pahlavi-middle-persian-and-arabic,Pahlavi (Middle Persian) and arabic,
http://collection.britishmuseum.org/id/thesauri/language/pahlavi-middle-persiana,Pahlavi (Middle Persiana),
http://collection.britishmuseum.org/id/thesauri/language/pahlavi-middle-presian-and-arabic,Pahlavi (Middle Presian) and Arabic,
http://collection.britishmuseum.org/id/thesauri/language/pahlavi-middle-persian-and-arabic,Pahlavi (Middle persian) and Arabic,
http://collection.britishmuseum.org/id/thesauri/language/pahlavi-middle-persian-and-arabic,Pahlavi (middle Persian) and Arabic,
http://collection.britishmuseum.org/id/thesauri/language/pahlavi,Pahlavi?,
http://collection.britishmuseum.org/id/thesauri/language/pahlevi,Pahlevi,
http://collection.britishmuseum.org/id/thesauri/language/pahlvai-middle-persian-and-arabic,Pahlvai (Middle Persian) and Arabic,
http://collection.britishmuseum.org/id/thesauri/language/pali,Pali,
http://collection.britishmuseum.org/id/thesauri/language/pali-and-burmese,Pali and Burmese,
http://collection.britishmuseum.org/id/thesauri/language/pali-and-thai,Pali and Thai,
http://collection.britishmuseum.org/id/thesauri/language/palmyran,Palmyran,
http://collection.britishmuseum.org/id/thesauri/language/palmyrene,Palmyrene,
http://collection.britishmuseum.org/id/thesauri/language/palymrene,Palymrene,
http://collection.britishmuseum.org/id/thesauri/language/pamphylian,Pamphylian,
http://collection.britishmuseum.org/id/thesauri/language/parthian,Parthian,
http://collection.britishmuseum.org/id/thesauri/language/parthian,Parthian?,
http://collection.britishmuseum.org/id/thesauri/language/persian,Persian,
http://collection.britishmuseum.org/id/thesauri/language/persian-arabic,Persian & Arabic,
http://collection.britishmuseum.org/id/thesauri/language/persian-and-arabic,Persian and Arabic,
http://collection.britishmuseum.org/id/thesauri/language/persian-and-hindi,Persian and Hindi,
http://collection.britishmuseum.org/id/thesauri/language/persian-and-turkish,Persian and Turkish,
http://collection.britishmuseum.org/id/thesauri/language/persian-and-sanskrit,Persian and sanskrit,
http://collection.britishmuseum.org/id/thesauri/language/persian.-hindi,Persian. Hindi,
http://collection.britishmuseum.org/id/thesauri/language/persian-elamite-babylonian,Persian; Elamite; Babylonian,
http://collection.britishmuseum.org/id/thesauri/language/persian,Persian?,
http://collection.britishmuseum.org/id/thesauri/language/phalevi,Phalevi,
http://collection.britishmuseum.org/id/thesauri/language/phoenican,Phoenican,
http://collection.britishmuseum.org/id/thesauri/language/phoenican-or-hebrew,Phoenican or Hebrew,
http://collection.britishmuseum.org/id/thesauri/language/phoenican,Phoenican?,
http://collection.britishmuseum.org/id/thesauri/language/phoenician,Phoenician,
http://collection.britishmuseum.org/id/thesauri/language/phoenician,Phoenician ?,
http://collection.britishmuseum.org/id/thesauri/language/phoenician-and-greek,Phoenician and  Greek,
http://collection.britishmuseum.org/id/thesauri/language/phoenician-or-hebrew,Phoenician or Hebrew,
http://collection.britishmuseum.org/id/thesauri/language/phoenician/greek,Phoenician/Greek,
http://collection.britishmuseum.org/id/thesauri/language/phoenician,Phoenician?,
http://collection.britishmuseum.org/id/thesauri/language/polish,Polish,
http://collection.britishmuseum.org/id/thesauri/language/portugal,Portugal,
http://collection.britishmuseum.org/id/thesauri/language/portuguesa,Portuguesa,
http://collection.britishmuseum.org/id/thesauri/language/portuguese,Portuguese,
http://collection.britishmuseum.org/id/thesauri/language/portuguese-and-chinese,Portuguese and Chinese,
http://collection.britishmuseum.org/id/thesauri/language/potuguese,Potuguese,
http://collection.britishmuseum.org/id/thesauri/language/prakrit,Prakrit,
http://collection.britishmuseum.org/id/thesauri/language/prakrit,Prakrit (?),
http://collection.britishmuseum.org/id/thesauri/language/proto-canaanite,Proto-Canaanite,
http://collection.britishmuseum.org/id/thesauri/language/pseudo-pahlavi-middle-persian,Pseudo-Pahlavi (Middle Persian),
http://collection.britishmuseum.org/id/thesauri/language/pseudo-pahlavi-middle-persian-and-arabic,Pseudo-Pahlavi (Middle Persian) and Arabic,
http://collection.britishmuseum.org/id/thesauri/language/punic,Punic,
http://collection.britishmuseum.org/id/thesauri/language/punjabi,Punjabi,
http://collection.britishmuseum.org/id/thesauri/language/pyu,Pyu,
http://collection.britishmuseum.org/id/thesauri/language/qatabanic,Qatabanic,
http://collection.britishmuseum.org/id/thesauri/language/qatabanic,Qatabanic?,
http://collection.britishmuseum.org/id/thesauri/language/r-joly-51,R Joly 51,
http://collection.britishmuseum.org/id/thesauri/language/rajasthani,Rajasthani,
http://collection.britishmuseum.org/id/thesauri/language/roman-numerals,Roman Numerals,
http://collection.britishmuseum.org/id/thesauri/language/roman-capitals,Roman capitals,
http://collection.britishmuseum.org/id/thesauri/language/roman-letters,Roman letters,
http://collection.britishmuseum.org/id/thesauri/language/roman-letters-and-english,Roman letters and English,
http://collection.britishmuseum.org/id/thesauri/language/roman-letters-and-englsih,Roman letters and Englsih,
http://collection.britishmuseum.org/id/thesauri/language/romani,Romani,
http://collection.britishmuseum.org/id/thesauri/language/romanian,Romanian,
http://collection.britishmuseum.org/id/thesauri/language/romanised-chinese,Romanised Chinese,
http://collection.britishmuseum.org/id/thesauri/language/romanised-chinese-non-standard,Romanised Chinese (non-standard),
http://collection.britishmuseum.org/id/thesauri/language/runic,Runic,
http://collection.britishmuseum.org/id/thesauri/language/russian,Russian,
http://collection.britishmuseum.org/id/thesauri/language/sabaean,Sabaean,
http://collection.britishmuseum.org/id/thesauri/language/sabaic,Sabaic,
http://collection.britishmuseum.org/id/thesauri/language/sabaic-late-sabaic,Sabaic - Late Sabaic,
http://collection.britishmuseum.org/id/thesauri/language/sabaic,Sabaic?,
http://collection.britishmuseum.org/id/thesauri/language/safaitic,Safaitic,
http://collection.britishmuseum.org/id/thesauri/language/samoan,Samoan,
http://collection.britishmuseum.org/id/thesauri/language/sanksrit,Sanksrit,
http://collection.britishmuseum.org/id/thesauri/language/sanskrit,Sanskrit,
http://collection.britishmuseum.org/id/thesauri/language/sanskrit-local-dialect,Sanskrit & local dialect,
http://collection.britishmuseum.org/id/thesauri/language/sanskrit-corrupt,Sanskrit (corrupt),
http://collection.britishmuseum.org/id/thesauri/language/sanskrit-top-urdu-top-braj-bhasa-or-local-dialect-centre,"Sanskrit (top), urdu (top), braj bhasa or local dialect (centre)",
http://collection.britishmuseum.org/id/thesauri/language/sanskrit-and-tibetan,Sanskrit and Tibetan,
http://collection.britishmuseum.org/id/thesauri/language/sanskrit,Sanskrit(?),
http://collection.britishmuseum.org/id/thesauri/language/sanskrit,Sanskrit?,
http://collection.britishmuseum.org/id/thesauri/language/scots,Scots,
http://collection.britishmuseum.org/id/thesauri/language/seisei-kiitsu,Seisei Kiitsu,
http://collection.britishmuseum.org/id/thesauri/language/semitic-or-numidian,Semitic or Numidian,
http://collection.britishmuseum.org/id/thesauri/language/semitic,Semitic?,
http://collection.britishmuseum.org/id/thesauri/language/serbian,Serbian,
http://collection.britishmuseum.org/id/thesauri/language/serbo-croatian,Serbo-Croatian,
http://collection.britishmuseum.org/id/thesauri/language/serbo-croation,Serbo-Croation,
http://collection.britishmuseum.org/id/thesauri/language/sesotho,Sesotho,
http://collection.britishmuseum.org/id/thesauri/language/shan,Shan,
http://collection.britishmuseum.org/id/thesauri/language/shiite,Shiite,
http://collection.britishmuseum.org/id/thesauri/language/shukurin,Shukurin,
http://collection.britishmuseum.org/id/thesauri/language/siswati,SiSwati,
http://collection.britishmuseum.org/id/thesauri/language/sinaitic,Sinaitic,
http://collection.britishmuseum.org/id/thesauri/language/sinhala,Sinhala,
http://collection.britishmuseum.org/id/thesauri/language/slovak,Slovak,
http://collection.britishmuseum.org/id/thesauri/language/slovakian,Slovakian,
http://collection.britishmuseum.org/id/thesauri/language/slovenian,Slovenian,
http://collection.britishmuseum.org/id/thesauri/language/sogdian,Sogdian,
http://collection.britishmuseum.org/id/thesauri/language/somali,Somali,
http://collection.britishmuseum.org/id/thesauri/language/sotho,Sotho,
http://collection.britishmuseum.org/id/thesauri/language/spanish,Spanish,
http://collection.britishmuseum.org/id/thesauri/language/spanish-english,Spanish & English,
http://collection.britishmuseum.org/id/thesauri/language/spanish-cuban,Spanish (Cuban),
http://collection.britishmuseum.org/id/thesauri/language/spanish,Spanish ?,
http://collection.britishmuseum.org/id/thesauri/language/spanish-english,"Spanish, English",
http://collection.britishmuseum.org/id/thesauri/language/spanish,Spanish?,
http://collection.britishmuseum.org/id/thesauri/language/sumerian,Sumerian,
http://collection.britishmuseum.org/id/thesauri/language/sumerian-or-akkadian,Sumerian or Akkadian,
http://collection.britishmuseum.org/id/thesauri/language/sumerian-akkadian,Sumerian-Akkadian,
http://collection.britishmuseum.org/id/thesauri/language/sumerian,Sumerian?,
http://collection.britishmuseum.org/id/thesauri/language/sumero-akkadian,Sumero-Akkadian,
http://collection.britishmuseum.org/id/thesauri/language/swahili,Swahili,
http://collection.britishmuseum.org/id/thesauri/language/swedish,Swedish,
http://collection.britishmuseum.org/id/thesauri/language/swiss,Swiss,
http://collection.britishmuseum.org/id/thesauri/language/syllabic,Syllabic,
http://collection.britishmuseum.org/id/thesauri/language/syllabic-european,Syllabic & European,
http://collection.britishmuseum.org/id/thesauri/language/syllabic-script,Syllabic script,
http://collection.britishmuseum.org/id/thesauri/language/syllabics,Syllabics,
http://collection.britishmuseum.org/id/thesauri/language/symbol,Symbol,
http://collection.britishmuseum.org/id/thesauri/language/syriac,Syriac,
http://collection.britishmuseum.org/id/thesauri/language/syriac,Syriac?,
http://collection.britishmuseum.org/id/thesauri/language/syrian-english-numeric,"Syrian, English, numeric",
http://collection.britishmuseum.org/id/thesauri/language/t-or-x,T (or X),
http://collection.britishmuseum.org/id/thesauri/language/tahitian,Tahitian,
http://collection.britishmuseum.org/id/thesauri/language/takari,Takari,
http://collection.britishmuseum.org/id/thesauri/language/tamil,Tamil,
http://collection.britishmuseum.org/id/thesauri/language/telegu,Telegu,
http://collection.britishmuseum.org/id/thesauri/language/telugu,Telugu,
http://collection.britishmuseum.org/id/thesauri/language/thai,Thai,
http://collection.britishmuseum.org/id/thesauri/language/thai-and-chinese,Thai and Chinese,
http://collection.britishmuseum.org/id/thesauri/language/thai-and-khmer,Thai and Khmer,
http://collection.britishmuseum.org/id/thesauri/language/thai-and-pali,Thai and Pali,
http://collection.britishmuseum.org/id/thesauri/language/thai-and-sanskrit,Thai and Sanskrit,
http://collection.britishmuseum.org/id/thesauri/language/thai-cambodian,Thai; Cambodian,
http://collection.britishmuseum.org/id/thesauri/language/thamudic,Thamudic,
http://collection.britishmuseum.org/id/thesauri/language/tibetan,Tibetan,
http://collection.britishmuseum.org/id/thesauri/language/tibetan-and-sanskrit-or-a-mixture-of-both,Tibetan (?) and Sanskrit (?) or a mixture of both,
http://collection.britishmuseum.org/id/thesauri/language/tibetan-or-sanskrit-or-a-mixture-of-both,Tibetan (?) or Sanskrit (?) or a mixture of both,
http://collection.britishmuseum.org/id/thesauri/language/tibetan-and-sanskrit,Tibetan and ?Sanskrit,
http://collection.britishmuseum.org/id/thesauri/language/tibetan-and-sanskrit,Tibetan and Sanskrit,
http://collection.britishmuseum.org/id/thesauri/language/tibetan-and/or-sanskrit,Tibetan and/or Sanskrit,
http://collection.britishmuseum.org/id/thesauri/language/tibetan-buddhist-hybrid-sanskrit,"Tibetan, Buddhist Hybrid Sanskrit",
http://collection.britishmuseum.org/id/thesauri/language/tibetan-chinese,"Tibetan, Chinese",
http://collection.britishmuseum.org/id/thesauri/language/tibetan-chinese,Tibetan; Chinese,
http://collection.britishmuseum.org/id/thesauri/language/transliteration-in-roman-letters-and-english,Transliteration in Roman letters and English,
http://collection.britishmuseum.org/id/thesauri/language/tsonga,Tsonga,
http://collection.britishmuseum.org/id/thesauri/language/tswana,Tswana,
http://collection.britishmuseum.org/id/thesauri/language/tughra,Tughra,
http://collection.britishmuseum.org/id/thesauri/language/turkish,Turkish,
http://collection.britishmuseum.org/id/thesauri/language/turkish/english,Turkish/English,
http://collection.britishmuseum.org/id/thesauri/language/turkmen,Turkmen,
http://collection.britishmuseum.org/id/thesauri/language/twi,Twi,
http://collection.britishmuseum.org/id/thesauri/language/uighur,Uighur,
http://collection.britishmuseum.org/id/thesauri/language/ukraine,Ukraine,
http://collection.britishmuseum.org/id/thesauri/language/ukrainian,Ukrainian,
http://collection.britishmuseum.org/id/thesauri/language/ukranian,Ukranian,
http://collection.britishmuseum.org/id/thesauri/language/ukrianian,Ukrianian,
http://collection.britishmuseum.org/id/thesauri/language/uncertain,Uncertain,
http://collection.britishmuseum.org/id/thesauri/language/unclear,Unclear,
http://collection.britishmuseum.org/id/thesauri/language/unknown,Unknown,
http://collection.britishmuseum.org/id/thesauri/language/urartian,Urartian,
http://collection.britishmuseum.org/id/thesauri/language/urdu,Urdu,
http://collection.britishmuseum.org/id/thesauri/language/urdu-and-bengali,Urdu and Bengali,
http://collection.britishmuseum.org/id/thesauri/language/urdu-arabic,"Urdu, Arabic",
http://collection.britishmuseum.org/id/thesauri/language/urdu,Urdu?,
http://collection.britishmuseum.org/id/thesauri/language/uzbek,Uzbek,
http://collection.britishmuseum.org/id/thesauri/language/venda,Venda,
http://collection.britishmuseum.org/id/thesauri/language/vietname,Vietname,
http://collection.britishmuseum.org/id/thesauri/language/vietnamese,Vietnamese,
http://collection.britishmuseum.org/id/thesauri/language/vietnamese-russian-chinese-spanish-english-and-french-and-german-and-italian,"Vietnamese, Russian,Chinese,Spanish,English and French and German and Italian",
http://collection.britishmuseum.org/id/thesauri/language/welsh,Welsh,
http://collection.britishmuseum.org/id/thesauri/language/xhosa,Xhosa,
http://collection.britishmuseum.org/id/thesauri/language/yoruba,Yoruba,
http://collection.britishmuseum.org/id/thesauri/language/yugoslavian,Yugoslavian,
http://collection.britishmuseum.org/id/thesauri/language/zulu,Zulu,
http://collection.britishmuseum.org/id/thesauri/language/zulu/swati,Zulu/Swati,
http://collection.britishmuseum.org/id/thesauri/language/africkaans,africkaans,
http://collection.britishmuseum.org/id/thesauri/language/akkadian,akkadian,
http://collection.britishmuseum.org/id/thesauri/language/altin,altin,
http://collection.britishmuseum.org/id/thesauri/language/ancient-egyptian,ancient Egyptian,
http://collection.britishmuseum.org/id/thesauri/language/ancient-egyptian,ancient Egyptian (?),
http://collection.britishmuseum.org/id/thesauri/language/ancient-greek,ancient Greek,
http://collection.britishmuseum.org/id/thesauri/language/ancient-greek,ancient Greek (?),
http://collection.britishmuseum.org/id/thesauri/language/ancient-greek-cypriot-dialect,ancient Greek (Cypriot dialect),
http://collection.britishmuseum.org/id/thesauri/language/ancient-south-arabian,ancient South Arabian,
http://collection.britishmuseum.org/id/thesauri/language/and-latin,and Latin,
http://collection.britishmuseum.org/id/thesauri/language/and-numeral,and numeral,
http://collection.britishmuseum.org/id/thesauri/language/aramaic,aramaic,
http://collection.britishmuseum.org/id/thesauri/language/aramaic,aramaic?,
http://collection.britishmuseum.org/id/thesauri/language/archaic,archaic?,
http://collection.britishmuseum.org/id/thesauri/language/bactrian,bactrian,
http://collection.britishmuseum.org/id/thesauri/language/base,base,
http://collection.britishmuseum.org/id/thesauri/language/bilingual,bilingual,
http://collection.britishmuseum.org/id/thesauri/language/bilingual-sumerian-and-akkadian,"bilingual, Sumerian and Akkadian",
http://collection.britishmuseum.org/id/thesauri/language/braile,braile,
http://collection.britishmuseum.org/id/thesauri/language/braj-bhasa,braj bhasa,
http://collection.britishmuseum.org/id/thesauri/language/chinese,chinese,
http://collection.britishmuseum.org/id/thesauri/language/cuneiform,cuneiform,
http://collection.britishmuseum.org/id/thesauri/language/egyptian,egyptian,
http://collection.britishmuseum.org/id/thesauri/language/english,english,
http://collection.britishmuseum.org/id/thesauri/language/fake,fake,
http://collection.britishmuseum.org/id/thesauri/language/finnish,finnish,
http://collection.britishmuseum.org/id/thesauri/language/fractional-mark,fractional mark,
http://collection.britishmuseum.org/id/thesauri/language/french,french,
http://collection.britishmuseum.org/id/thesauri/language/french-spanish-german-italian-dutch-portuguese-hungarian-austrian,"french, spanish, german, italian, dutch, portuguese, hungarian, austrian",
http://collection.britishmuseum.org/id/thesauri/language/gandhari,gandhari,
http://collection.britishmuseum.org/id/thesauri/language/ge-ez,ge'ez,
http://collection.britishmuseum.org/id/thesauri/language/german,german,
http://collection.britishmuseum.org/id/thesauri/language/greek,greek,
http://collection.britishmuseum.org/id/thesauri/language/greek-and-charakteres,greek and Charakteres,
http://collection.britishmuseum.org/id/thesauri/language/greek-and-charakteres-magical-symbols,greek and Charakteres (magical symbols),
http://collection.britishmuseum.org/id/thesauri/language/grrek,grrek,
http://collection.britishmuseum.org/id/thesauri/language/hieroglyphic,hieroglyphic,
http://collection.britishmuseum.org/id/thesauri/language/hindi,hindi,
http://collection.britishmuseum.org/id/thesauri/language/hungarian,hungarian,
http://collection.britishmuseum.org/id/thesauri/language/hurrian,hurrian,
http://collection.britishmuseum.org/id/thesauri/language/illegible,illegible,
http://collection.britishmuseum.org/id/thesauri/language/imitation-greek,imitation Greek,
http://collection.britishmuseum.org/id/thesauri/language/imitation-sumerian,imitation? Sumerian,
http://collection.britishmuseum.org/id/thesauri/language/inscription,inscription,
http://collection.britishmuseum.org/id/thesauri/language/italian,italian,
http://collection.britishmuseum.org/id/thesauri/language/kanbun,kanbun,
http://collection.britishmuseum.org/id/thesauri/language/kayathi,kayathi,
http://collection.britishmuseum.org/id/thesauri/language/latin,lATIN,
http://collection.britishmuseum.org/id/thesauri/language/language,language,
http://collection.britishmuseum.org/id/thesauri/language/late-greek,late Greek,
http://collection.britishmuseum.org/id/thesauri/language/late-indo-aryan,late Indo-Aryan,
http://collection.britishmuseum.org/id/thesauri/language/latin,latin,
http://collection.britishmuseum.org/id/thesauri/language/local-dialect,local dialect,
http://collection.britishmuseum.org/id/thesauri/language/local-dialect-may-be-rajasthani,"local dialect, may be Rajasthani",
http://collection.britishmuseum.org/id/thesauri/language/local-dialect-probably-rajasthani,"local dialect, probably Rajasthani",
http://collection.britishmuseum.org/id/thesauri/language/local-dialect-probably-rajasthani,"local dialect, probably rajasthani",
http://collection.britishmuseum.org/id/thesauri/language/malayalam,malayalam,
http://collection.britishmuseum.org/id/thesauri/language/mark,mark,
http://collection.britishmuseum.org/id/thesauri/language/neo-assyrian,neo-Assyrian,
http://collection.britishmuseum.org/id/thesauri/language/neo-punic,neo-Punic,
http://collection.britishmuseum.org/id/thesauri/language/not-applicable,not applicable,
http://collection.britishmuseum.org/id/thesauri/language/numeral,numeral,
http://collection.britishmuseum.org/id/thesauri/language/numerical,numerical,
http://collection.britishmuseum.org/id/thesauri/language/obverse,obverse,
http://collection.britishmuseum.org/id/thesauri/language/old-irish,old Irish,
http://collection.britishmuseum.org/id/thesauri/language/oscan,oscan,
http://collection.britishmuseum.org/id/thesauri/language/persian,persian,
http://collection.britishmuseum.org/id/thesauri/language/phonetic-sumerian,phonetic Sumerian,
http://collection.britishmuseum.org/id/thesauri/language/prakrit,prakrit,
http://collection.britishmuseum.org/id/thesauri/language/probably-english,probably English,
http://collection.britishmuseum.org/id/thesauri/language/probably-urdu,probably urdu,
http://collection.britishmuseum.org/id/thesauri/language/proto-canaanite,proto Canaanite,
http://collection.britishmuseum.org/id/thesauri/language/pseudo-egyptian,pseudo Egyptian,
http://collection.britishmuseum.org/id/thesauri/language/pseudo-kufic,pseudo Kufic,
http://collection.britishmuseum.org/id/thesauri/language/pseudo-arabic,pseudo-Arabic,
http://collection.britishmuseum.org/id/thesauri/language/pseudo-pahlavi-middle-persian,pseudo-Pahlavi (Middle Persian),
http://collection.britishmuseum.org/id/thesauri/language/quadrilingual,quadrilingual,
http://collection.britishmuseum.org/id/thesauri/language/recto,recto,
http://collection.britishmuseum.org/id/thesauri/language/reek,reek,
http://collection.britishmuseum.org/id/thesauri/language/reverse,reverse,
http://collection.britishmuseum.org/id/thesauri/language/runic,runic,
http://collection.britishmuseum.org/id/thesauri/language/sanskrit,sanskrit,
http://collection.britishmuseum.org/id/thesauri/language/sanskrit-top-urdu-top-and-braj-bhasa-centre-,"sanskrit (top), urdu (top) and braj bhasa (centre).",
http://collection.britishmuseum.org/id/thesauri/language/sanskrit,sanskrit ?,
http://collection.britishmuseum.org/id/thesauri/language/sanskrit,sanskrit?,
http://collection.britishmuseum.org/id/thesauri/language/semitic,semitic,
http://collection.britishmuseum.org/id/thesauri/language/single-stroke,single stroke,
http://collection.britishmuseum.org/id/thesauri/language/sumerian,sumerian,
http://collection.britishmuseum.org/id/thesauri/language/symbol,symbol,
http://collection.britishmuseum.org/id/thesauri/language/transliteration-in-roman-letters,transliteration in Roman letters,
http://collection.britishmuseum.org/id/thesauri/language/uncertain,uncertain,
http://collection.britishmuseum.org/id/thesauri/language/unread,unread,
http://collection.britishmuseum.org/id/thesauri/language/y,y,
http://collection.britishmuseum.org/id/thesauri/language/-talian,talian,
http://collection.britishmuseum.org/id/thesauri/language,????,
